mean,std,min_flux,max_flux,range,n_dips,avg_dip_depth,max_dip_duration,skewness,kurtosis,LABEL
0.7308226462308413,29.811801477447823,-166.46,269.43,435.89,47,-78.5127659574468,5,1.273996173417308,9.0039227853631,2
95.41336252736937,1644.7618120754348,-6105.72,8210.62,14316.34,72,-4047.167222222223,6,0.19356749921916114,0.9485117469230446,2
-6.035136065060997,117.05855709888858,-467.74,844.48,1312.22,87,-312.4264367816092,8,0.18230416809577588,3.516884865999266,2
-62.03274006881451,394.4450698862699,-2780.75,500.72,3281.4700000000003,92,-2121.490217391304,9,-4.843832621518564,25.83400078582841,2
-23.66931185486394,177.01531642102066,-1956.93,316.45,2273.38,59,-1130.883559322034,9,-5.669803617451513,40.252452983166044,2
0.5826681263684151,7.447123296890371,-20.5700000000002,127.47,148.0400000000002,9,-16.008888888888997,2,5.060671177758265,69.05766625223542,1
5.955971223023958,54.057263145221825,-184.599999999999,1421.39,1605.989999999999,20,-144.28149999999818,14,7.192622446201433,154.65132455369874,1
-0.915208007507029,18.964168202935724,-113.77,86.09,199.86,106,-58.857830188679245,21,-0.9334569575901116,3.440007362963377,1
6.318185799176212,77.8358659334549,-480.180000000022,1405.73999999999,1885.920000000012,35,-212.8511428571546,6,3.3282767009528835,47.147486683263125,1
5.603759774784774,60.53594641727696,-181.960000000006,411.729999999996,593.690000000002,23,-133.03260869565534,6,1.167787385933026,3.557954489132377,1
3.21061307475392,72.81854053728424,-581.889999999999,3072.3,3654.189999999999,3,-345.513333333336,1,24.35093939146394,995.538662930079,1
8.000591179224187,84.24635895539936,-505.070000000007,756.569999999992,1261.639999999999,34,-208.5444117647138,9,1.581632830629765,10.18029387612259,1
0.6397904285267801,7.50108482529894,-22.9299999999999,245.35,268.2799999999999,12,-16.460833333333284,1,11.534557059288934,355.7656330884095,1
-9.522245855495884,157.54794469572224,-1084.91,971.699999999997,2056.609999999997,13,-575.6253846153903,3,-0.024755751161325144,1.284979520773951,1
1.4872568032494835,38.9499098011741,-358.710000000006,853.229999999996,1211.940000000002,26,-138.11500000000356,3,3.069299205513243,77.54369095029132,1
1.2719924929621238,7.951406042761998,-28.4400000000001,107.45,135.8900000000001,15,-18.34800000000003,4,1.8816676234778478,12.40868179943941,1
1.861742258365497,54.30800138860779,-335.630000000005,820.669999999998,1156.300000000003,47,-142.83297872340626,6,4.248173417464164,54.19213842203978,1
1.6422114482326802,13.007029016513656,-42.4299999999998,359.26,401.68999999999977,15,-31.034666666666745,4,9.211831693016936,218.495736801126,1
0.7414951517047731,10.605614259300149,-22.75,369.87,392.62,2,-22.455,1,18.17009149367999,566.0101306238462,1
-0.14588364091329806,14.346629058823895,-113.34,235.7,349.03999999999996,62,-51.67177419354834,8,0.6927884981787522,34.527391948560194,1
1.2245010947763664,25.26177839563394,-34.8199999999999,1343.61,1378.4299999999998,0,0.0,0,47.0337865585334,2491.5008521892332,1
-60.125361276252285,1299.0144541980142,-24482.4400000001,3060.75,27543.1900000001,35,-8202.973142857205,5,-7.300883467495047,103.19886270797798,1
-0.22318736315292623,9.209591232323524,-61.04,218.08,279.12,58,-25.645689655172408,4,5.120164879911867,113.5922069257063,1
2.977144197685238,36.071472696812634,-151.120000000001,288.639999999999,439.76,43,-85.27767441860483,20,0.5426152401149437,2.323397869753663,1
1.575258054426312,21.418140127673396,-96.8399999999997,238.200000000001,335.0400000000007,7,-61.854285714285474,5,3.4433259952835473,30.778395313165092,1
-2.621176102600883,112.03519096725685,-546.470000000001,635.790000000008,1182.260000000009,92,-303.4017391304394,18,-0.13445698791162405,2.0674829922824527,1
-0.11628401626524106,7.216434893955804,-37.95,48.97,86.92,46,-18.885869565217398,10,0.06098284666684758,0.7769241735670849,1
-0.10727869877877362,81.64856230421273,-616.539999999997,309.240000000002,925.7799999999991,45,-212.73955555555423,10,-0.2129373460486689,3.035932165403837,1
-5.156165154827923,73.31285212542275,-730.790000000008,393.720000000001,1124.510000000009,49,-302.765306122446,9,-1.452215472611463,10.196465359943916,1
0.9742758836410229,29.40393856515069,-75.5,1179.33,1254.83,2,-67.3399999999999,1,32.94423621102894,1233.1435901842056,1
1.8445386299689535,68.08273228936343,-1193.17999999999,965.309999999998,2158.489999999988,31,-371.9703225806418,3,-3.8205373516986394,89.96585871668525,1
0.5022990303410529,10.282777815979575,-21.2199999999998,440.5,461.7199999999998,1,-21.2199999999998,1,27.536378043216395,1104.248618895091,1
1.2598811385674205,20.62797119766953,-24.37,1021.05,1045.4199999999998,0,0.0,0,39.528039493034434,1893.7922655933348,1
-0.9011291836096128,17.19320570558825,-155.23,330.77,486.0,81,-64.10913580246913,9,1.909613075181137,72.97812967095997,1
1.8851360650635758,42.587377442655125,-450.309999999998,256.190000000002,706.5,51,-120.55980392156584,7,-0.5513817132772217,7.963147333971111,1
0.018054426025699465,85.04750856366468,-1028.92000000001,881.839999999997,1910.760000000007,45,-339.80755555555595,8,-1.3568379825639607,39.30229821780356,1
0.5873881764127117,28.720413212429083,-299.400000000001,232.110000000001,531.510000000002,39,-131.4553846153871,6,-1.7302385807260425,33.15498411715087,1
57.25351892399331,577.4277069942193,-2896.27999999997,4280.32000000001,7176.59999999998,54,-1308.6440740740709,3,0.5887762234580628,2.7282970460041556,1
0.5043228026274681,5.314647839457476,-15.11,57.36,72.47,30,-11.157666666666666,2,1.5954824991138357,11.446732424498196,1
18.037713481390398,99.13391599290993,-284.269999999997,515.830000000002,800.099999999999,65,-215.44184615384458,13,0.3545060752820629,0.2685147068269047,1
0.35025336252151495,70.88745002468643,-631.389999999999,517.839999999997,1149.229999999996,54,-271.57277777778296,6,-0.9072104082482757,9.958708440277023,1
1.5266187050359987,10.918685970879714,-39.8699999999999,189.07,228.93999999999988,4,-27.51249999999995,1,5.259110527930598,71.88222552632313,1
-3.635595871129472,33.625748205509346,-133.84,542.0,675.84,58,-81.75724137931066,8,1.0179628288006404,20.942850342036202,1
-2.44308726931908,106.72377012432219,-450.270000000004,4222.17999999999,4672.449999999994,41,-310.33121951219977,5,24.055220199313727,865.721650643303,1
0.534741945574138,9.344392695901089,-24.46,257.85,282.31,10,-20.37899999999981,2,8.548251490645587,194.97633551391647,1
0.5145417578980296,8.526963343661455,-42.55,235.59,278.14,8,-23.518749999999997,1,10.664944972435707,241.0790300835794,1
0.6456678135752209,12.773225370358498,-49.2,74.63,123.83,33,-33.44484848484848,11,0.46723061063583726,1.298805682935221,1
0.7755958711291941,6.628009427723836,-19.91,65.82,85.72999999999999,16,-14.50375,3,1.5237031209882155,6.288792540167142,1
1.2721645292461554,14.186500905849199,-22.28,613.98,636.26,0,0.0,0,26.769968764941545,1108.0735902926453,1
1.3018173287457144,39.832434954775714,-16.42,2185.13,2201.55,0,0.0,0,51.88565416740365,2826.3936809120896,1
0.7480700656865584,8.928003110139418,-29.1,161.27,190.37,4,-21.695000000000025,1,6.178158403195622,87.12870308839628,1
167.93419142946553,619.8321385551676,-2476.65,3157.91,5634.5599999999995,28,-1552.6746428571428,5,1.3047809708422984,2.6743028171442473,1
-2.0543728495499587,46.66221412163882,-302.610000000001,859.759999999995,1162.369999999996,76,-131.6732894736872,10,3.0270322181484928,62.712527635309584,1
-6.815808570536064,132.83932599764722,-1194.22,456.550000000003,1650.7700000000032,77,-428.72116883116973,10,-0.9428231181986906,5.358290470245533,1
-5.739749765400515,234.2803361783966,-863.710000000021,615.160000000033,1478.870000000054,108,-583.808703703698,13,-0.25958650614295714,0.13480134160006063,1
0.7699249296214661,10.113628794295188,-16.46,267.84,284.29999999999995,0,0.0,0,12.734878399225261,268.708795179455,1
3.143005943072517,39.93894009931618,-544.059999999998,454.400000000001,998.459999999999,37,-120.01054054053932,21,1.7121212669662431,30.351935996594342,1
0.25197685329992786,6.906532466586055,-18.9200000000001,258.39,277.31000000000006,8,-15.590000000000062,1,16.790938405539872,610.384576332079,1
0.21337503909919203,6.781014091280115,-24.1799999999998,152.71,176.88999999999982,51,-16.381764705882315,6,3.960998781776214,82.32147272995965,1
-5.431426337188182,106.18209016282749,-1707.0,670.690000000002,2377.690000000002,30,-848.5699999999971,4,-9.089471808967277,119.7070429099415,1
4.096187050359709,12.392145203822684,-18.06,48.79,66.85,0,0.0,0,0.7180326242569492,-0.6027758619772396,1
1.2929027213016118,30.842806372483032,-106.95,132.52,239.47000000000003,60,-76.3321666666663,13,0.05020618814507167,-0.07010298132691739,1
1.0092461682827245,11.770563721024017,-24.58,477.65,502.22999999999996,1,-24.58,1,21.408942932547895,842.7502549768827,1
5.266831404439555,66.90248617384009,-580.600000000006,1056.07999999999,1636.679999999996,38,-224.97263157894872,3,2.0116572920967184,37.249483852153894,1
-16.18183296839771,337.74459698650236,-11265.97,1023.87000000002,12289.84000000002,18,-3365.7999999999893,4,-20.669831710998064,546.9780493568547,1
-1.241986237096863,39.39066337650301,-297.25,188.490000000002,485.740000000002,66,-116.45287878787849,11,-0.30718409823597237,3.995119143935943,1
-2.0067876133829152,53.10703022931644,-393.049999999988,327.800000000003,720.849999999991,92,-163.06032608695224,11,-0.6912538010155559,4.720065941250968,1
-15.633484516790022,430.4654836019448,-3341.25,2236.62999999989,5577.87999999989,85,-1197.0434117647615,5,-0.4335938647740953,2.442426255593083,1
-4.165101657804804,34.17456962109361,-347.270000000004,182.970000000001,530.240000000005,89,-132.48662921348352,23,-2.580842843544851,17.0797594284097,1
6.278054426023551,71.18950093111297,-481.220000000001,2122.8,2604.0200000000013,20,-281.6150000000008,3,8.850775873030308,250.77633716870818,1
-0.8377416327830471,90.58886323612349,-349.380000000005,918.800000000003,1268.180000000008,70,-235.28442857143153,9,1.1726408186563895,11.045953296243123,1
8.844263371905406,141.0549079786672,-555.050000000003,3932.17,4487.220000000003,47,-331.8065957446862,9,7.08210820598103,189.63401612080867,1
0.7611323115403255,64.65346500699238,-974.630000000005,1066.89,2041.520000000005,29,-344.0117241379317,6,-1.1728432164711928,72.05973747248709,1
0.2941288708163234,9.998509189764224,-78.4099999999999,120.62,199.02999999999992,38,-32.61131578947379,6,1.726877508147568,26.975223127334107,1
1.3080012511736212,37.59319505355572,-61.7699999999986,1957.64,2019.4099999999987,0,0.0,0,44.16013875686354,2291.3762446271294,1
-38.96624648113298,773.2944419856323,-2475.5,1529.75,4005.25,76,-1826.9719736842767,39,-0.31545117232378816,-0.7264207237888551,1
1.7203002815139048,11.102804002281767,-28.71,146.13,174.84,10,-23.225000000000023,3,2.695042986673204,18.070352127591104,1
-66.19894275883406,1046.612724009041,-3517.98000000001,5355.22,8873.20000000001,38,-2534.814999999995,6,0.5208577159197053,2.111084400262129,1
6.291742258367224,23.620096805441154,-23.7,843.15,866.85,0,0.0,0,14.835762006813384,493.73857709114355,1
0.6825336252737016,17.99836939993458,-176.06,128.79,304.85,38,-64.36842105263158,13,-0.1922465055154138,12.179550499606124,1
1.0740631842352615,20.909533701146614,-16.27,1095.42,1111.69,0,0.0,0,45.94707100359518,2360.287352214475,1
-4.461892399120734,173.78202025268982,-3235.39,453.089999999997,3688.479999999997,19,-1920.7636842105208,3,-12.725747874675951,195.03258883967226,1
-9.694548013762288,232.22597678793738,-1102.69,1303.64999999999,2406.33999999999,85,-629.7631764705877,25,-0.16200084255490454,1.5277859513565444,1
1.0588551767281906,8.613598940593787,-20.2,270.51,290.71,4,-18.265,1,10.62318725543989,305.199589848946,1
-27.089077259943938,425.68921627937243,-1154.5,920.299999999988,2074.799999999988,73,-979.0979452054918,48,-0.19533878894717763,-0.7078743315968068,1
-3.3471285580232846,28.024002975510104,-121.08,237.27,358.35,66,-69.09666666666678,10,0.622216666592151,6.498374335555594,1
-0.21872693149824482,17.11585861641865,-148.08,153.78,301.86,80,-50.377249999999975,13,-0.3693450835134662,7.020967442965162,1
-168.47209258680078,2220.7824486586433,-9431.87999999989,6978.12000000011,16410.0,101,-6458.188613861375,7,-0.5471298479620241,1.4399413185509236,1
0.312458554895232,6.117937488266814,-17.25,62.28,79.53,29,-13.487241379310333,2,1.787467339439059,12.872336632082376,1
-29.647450735061543,171.34852003617436,-473.829999999994,410.920000000006,884.75,70,-389.8114285714258,13,-0.3142880236742124,-0.5077542989024915,1
-1.2021864247779528,125.19886427483074,-600.720000000001,5312.25999999999,5912.979999999991,33,-332.3057575757624,5,26.99456643876472,1076.6926521427633,1
-9.401945573987208,170.85005609516,-914.930000000022,889.569999999978,1804.5,99,-509.0506060606179,14,-0.37412667839436725,3.03896353639189,1
2.3912636847044215,13.640939786281598,-45.78,271.51,317.28999999999996,7,-34.789999999999985,2,3.5092753719612717,49.403431137195156,1
2.219311854863907,14.400617882493286,-43.33,394.83,438.15999999999997,3,-37.53000000000003,1,9.968483845435225,230.25629015047906,1
0.13703159211752197,10.716672080093621,-98.52,320.76,419.28,21,-38.15380952380959,4,11.798990207513913,339.5998910403775,1
-0.024691898655042302,6.997263749170247,-32.3400000000001,135.55,167.8900000000001,55,-17.934363636363695,6,3.363077844914057,55.610667179263416,1
-3.4864623084124067,44.933313882832884,-750.899999999998,543.050000000003,1293.9500000000012,78,-177.02346153845983,10,-4.919220899001749,89.69535872775387,1
0.969956208945842,8.867424926880739,-28.72,147.68,176.4,40,-21.41250000000005,8,2.7621261932119454,29.74103988036606,1
-0.7337003440691096,43.31446640097476,-493.25,1006.87,1500.12,42,-187.67023809523545,4,1.7466658304002591,111.8099294869395,1
0.6802252111353506,14.43328634292337,-18.1700000000001,742.3,760.47,0,0.0,0,42.70950527624077,2179.070034744546,1
1.0683922427255288,57.57398195075045,-339.279999999999,2057.82999999999,2397.1099999999888,7,-212.31571428571533,2,19.971831206286442,638.9220744071235,1
0.0646668751959341,21.27360773888113,-87.8599999999997,501.700000000001,589.5600000000007,47,-56.92574468085062,18,4.861699937338123,108.07357309073953,1
1.3810353456365143,21.336823971749894,-18.61,1106.55,1125.1599999999999,0,0.0,0,43.672178365266134,2249.700701452632,1
8.876368470440784,110.03744223987752,-404.08,651.31,1055.3899999999999,93,-270.243548387097,15,0.6391082927352035,3.1591806737171826,1
50.51132624346298,1114.561902103194,-3685.25999999978,4513.37000000011,8198.62999999989,67,-2522.4656716416844,7,0.23233198892153084,0.3279613567450239,1
0.9485079762276671,28.84252286966843,-22.4200000000001,1591.95,1614.3700000000001,0,0.0,0,52.516452314145404,2893.093197405928,1
-0.48623709726563985,67.46994811100772,-723.01999999999,807.310000000027,1530.330000000017,31,-250.38838709676241,5,-0.5832822401835648,21.953727274642386,1
0.6195902408508321,15.221264166163898,-102.93,226.23,329.15999999999997,63,-40.427301587301585,9,1.3496890404815822,19.990462634669353,1
0.3192148889583997,7.158235303816284,-20.1700000000001,73.9000000000001,94.0700000000002,33,-15.907878787878788,2,1.3092586658790062,9.43927441167295,1
5.835752267807627,625.2839685363064,-1914.56999999995,2247.56000000006,4162.13000000001,80,-1471.020999999951,14,0.010221148736801472,-0.007567518659467698,1
1.5282108226473798,109.59911870001704,-598.639999999999,979.490000000002,1578.130000000001,65,-333.05692307692186,9,0.4969788985310764,6.645666435137267,1
-0.05479824835782866,52.48729796143762,-735.34,705.240000000002,1440.5800000000022,15,-607.4039999999999,3,-7.406170431975894,115.09634248668236,1
0.21109790428517558,20.11997733527451,-76.2200000000003,925.22,1001.4400000000003,10,-46.99700000000016,4,31.504953917187247,1410.2390013778784,1
5.422680638098253,17.92218202005558,-40.3399999999999,131.39,171.72999999999988,1,-40.3399999999999,1,1.4865141862454143,2.4381329529124924,1
-17.93345949327493,1098.307377483992,-4444.5,20572.83,25017.33,92,-3045.735326086957,14,2.9402864729256803,52.4933328312505,1
1.8682452299039072,37.324361755247445,-218.559999999998,937.830000000002,1156.3899999999999,52,-93.34480769230676,5,5.012828054190848,124.0106510746834,1
-2.4387019080247754,63.19443265051845,-496.169999999984,695.890000000014,1192.059999999998,92,-211.15576086955093,10,-0.03557567196570254,16.17608699021904,1
-4.92983734752479,79.17708930604628,-398.540000000008,558.470000000001,957.0100000000091,77,-215.47792207793472,6,-0.019315276915483688,2.6263289143492896,1
1.5572568032530694,38.32082171439554,-36.84,2096.77,2133.61,0,0.0,0,51.19815218491213,2792.594577909672,1
3.2109634031905463,15.678541482127514,-71.8999999999999,175.3,247.19999999999993,4,-39.6624999999999,1,2.8328258142194276,16.35095601676074,1
161.26878949012166,2801.4582807753773,-35617.6200000001,9797.15999999997,45414.78000000007,67,-11522.77776119406,7,-2.286008759264882,26.73919745439963,1
1.122155145448913,11.883038043131732,-33.9400000000001,342.53,376.4700000000001,8,-26.19124999999996,1,9.759510991783873,230.3268108520703,1
-2.563644041290964,83.61929729301102,-3263.49000000001,270.809999999998,3534.300000000008,22,-659.3445454545475,8,-23.214679031794645,787.5065990088692,1
-0.10324679386943468,12.16741175518571,-89.23,109.52,198.75,54,-35.33555555555573,6,0.08531033696224588,4.360022096219922,1
-2641.490763215513,5884.956613552972,-16469.79,5938.97,22408.760000000002,122,-15112.087950819674,4,-0.8123258443385615,-0.7584050246718617,1
1.7303221770409856,25.86671519197394,-33.98,840.82,874.8000000000001,0,0.0,0,18.99189444625775,479.8773717148388,1
-2.0781201126056317,29.895266968426714,-250.34,1163.63,1413.97,46,-116.82934782608704,12,18.92398268240861,758.0591155134904,1
1.5306443540831012,50.3661341282318,-353.479999999996,625.400000000001,978.8799999999969,44,-193.3186363636358,8,1.9688826116525187,28.325756583414186,1
2.6563371911192166,129.43230177253247,-407.379999999997,2254.05,2661.429999999997,61,-316.0565573770472,21,1.6740084679556038,28.404982534797785,1
0.5553268689396288,8.059224165239533,-21.66,87.91,109.57,22,-17.36181818181818,3,1.3137555656475834,9.609658451563398,1
-3.674691898654951,30.813480472016618,-153.12,308.91,462.03000000000003,104,-88.49096153846148,9,0.43074277684781287,8.661746862542437,1
26.46821395057867,68.52181329007422,-65.03,881.55,946.5799999999999,0,0.0,0,1.6136228494936347,7.587791543511569,1
-2.459058492332041,340.3601529185438,-2709.38999999998,7286.69,9996.07999999998,67,-1216.1235820895486,15,5.105470773703424,139.46433320352756,1
3.067660306537397,12.640147337368443,-26.8799999999999,228.15,255.02999999999992,1,-26.8799999999999,1,3.0443320670118763,33.36524276902735,1
0.6632061307475552,7.183974254709159,-21.5,129.27,150.77,11,-15.934545454545463,2,3.158560349583052,38.26242623452392,1
1.1728401626523017,14.705809380351162,-30.7000000000003,468.17,498.87000000000035,1,-30.7000000000003,1,13.993001184876043,364.0581242360755,1
-80.60908664372849,1456.713248982729,-5378.75,4273.0,9651.75,91,-3619.2994505494507,15,-0.27780398089452474,-0.1283965904004476,1
107.44679074131979,1166.5150654457395,-2620.58,7614.38,10234.96,6,-2461.475,5,0.35743146820198385,-0.2457070755904356,1
-0.7225273694085926,600.119122412593,-5447.3,3339.84,8787.14,63,-2129.9807936507937,12,-0.7266590597137594,12.769652666139217,1
13.820081326242136,734.5273429317764,-2402.75,2928.87999999989,5331.62999999989,60,-1761.5875,7,-0.0559115331463396,-0.34941955742651887,1
1.1261463872383257,18.851724978495703,-50.5699999999997,877.23,927.7999999999997,8,-40.83124999999973,4,31.90866727788082,1460.6759994982979,1
1.2225211135484046,105.50024377013675,-594.149999999994,398.179999999993,992.329999999987,59,-254.32118644067336,7,0.059699536608879736,0.37141702274760835,1
-2.3706599937441473,58.663051765023305,-340.889999999999,329.029999999999,669.919999999998,69,-176.6826086956522,8,-0.2851249156217268,2.6737438070074884,1
0.3229558961526567,5.564568880629454,-15.87,144.2,160.07,34,-12.586764705882352,3,6.120472036023951,143.598372708968,1
-0.13689709102287845,13.1380820734617,-70.6200000000001,84.45,155.0700000000001,101,-38.594356435643604,29,-0.5347831991860713,3.8423286856991137,1
-0.9407725993683561,178.4791737973509,-2941.12000000011,1840.05999999994,4781.180000000049,44,-719.350681818252,6,-2.2144298372912714,34.41966011110461,1
-6.233509540194785,122.13159339691235,-2214.68,262.040000000001,2476.7200000000007,31,-817.1980645161289,6,-11.625994407320228,183.9201202683487,1
46.78282765092558,461.4202228455203,-4524.70999999999,4217.86,8742.569999999989,37,-1545.6386486486458,5,0.730396209373095,12.095257467490002,1
-91.48979668438683,849.8772693816603,-3566.96000000002,2284.69,5851.65000000002,105,-2163.725333333331,18,-0.32094486357208935,0.23415009731708514,1
0.6409978104473135,7.5887677916685785,-30.52,168.91,199.43,16,-16.58437500000005,1,4.759822003607986,85.00400636028678,1
-34.29917109789032,363.90668205248323,-3456.56,2991.47,6448.03,101,-1284.8406930692913,15,-0.8439204457018753,12.943214561126108,1
1.528426649984349,12.621833132524337,-23.39,517.36,540.75,0,0.0,0,23.54072261324576,903.8125968425242,1
0.17934313418794284,17.387134967481295,-44.8200000000006,516.49,561.3100000000006,14,-39.7178571428575,1,10.788238413034241,276.6797545523386,1
0.4109102283389251,47.64457598035254,-229.99,1901.46,2131.45,19,-146.39263157894737,4,24.727508963282435,902.9998169827325,1
-2.3327682202086466,49.94261399746701,-251.880000000005,544.229999999996,796.110000000001,38,-138.9192105263187,5,1.0917641291920275,8.661091490508186,1
0.8362433531435169,15.096531915583148,-23.95,746.88,770.83,0,0.0,0,37.85151797153599,1862.9174601263771,1
0.25610572411305665,36.78075374242052,-344.07,787.269999999997,1131.339999999997,32,-148.8931250000037,3,2.5360079387944805,82.08221267035675,1
1.2468063809822443,11.539125296287626,-24.9199999999998,440.07,464.9899999999998,3,-23.2699999999999,1,17.81426288781534,654.8610164756084,1
0.013384422896474048,6.6382242364671855,-32.38,212.16,244.54,44,-18.965681818181817,11,11.219068605002166,341.6104194050445,1
-0.14284329058510317,14.855588925357424,-47.3100000000004,95.1300000000001,142.4400000000005,30,-35.40233333333354,12,0.20338315564807738,0.36261415569907873,1
-2.017550828901577,49.37946280896076,-342.0,658.020000000004,1000.020000000004,90,-157.93844444444395,5,0.41054395205312,19.185136251211063,1
-49.085348764494775,1433.1577690255895,-8251.66000000003,14448.84,22700.50000000003,64,-4083.162343750028,15,0.08067971780110363,5.768491155436008,1
0.07868001251174774,9.69921941449098,-47.53,64.97,112.5,94,-27.46138297872339,25,0.05485479310591503,4.1740556702140275,1
25.20945886768556,165.3602216127711,-1122.61,1238.38,2360.99,53,-365.64452830188935,6,1.1350250315421786,6.591636782167837,1
-5.421188614321704,306.80580535305535,-1623.87,1276.72000000003,2900.59000000003,81,-803.4677777777723,9,-0.10347058279865187,1.2672979907332103,1
-3.8969471379301512,75.12306858229314,-801.940000000002,1002.09000000003,1804.030000000032,85,-296.44223529410436,6,-0.976912099689247,37.60943418911573,1
1.0765467625900578,12.848670547482383,-54.0,266.62,320.62,19,-34.619473684210405,4,5.46733478521893,81.23200917545368,1
1.697869878010672,27.30527123391965,-69.4300000000003,1056.68,1126.1100000000004,9,-59.89333333333353,2,18.81813802988225,698.1992964526362,1
0.8211479512042382,10.136031309750189,-82.1199999999999,167.38,249.4999999999999,21,-34.322380952380975,3,2.950291691956962,44.52644713934521,1
-3.38138880194523,213.03881837299147,-885.5,2790.68000000005,3676.18000000005,73,-524.9305479451469,13,1.0210318714672708,13.074406762389359,1
0.09099468251968561,120.75648973227386,-2276.09,2863.91,5140.0,20,-799.8764999999948,9,-0.07237626019277249,247.72742716343734,1
0.09900844542111134,122.78855328598802,-451.149999999994,920.070000000007,1371.220000000001,87,-316.92873563217995,42,-0.03477253093515355,1.346165034146174,1
1.2621426337191215,13.07693900326119,-22.04,567.67,589.7099999999999,0,0.0,0,26.155529559438957,1100.9544323271332,1
17.23536753205969,116.30775529941229,-914.240000000002,863.73,1777.970000000002,25,-350.6060000000014,15,3.2781443224265017,21.757588613181536,1
-0.3268720675650277,47.20663633451989,-403.919999999998,801.25,1205.169999999998,60,-158.58550000000227,7,1.2892732117155548,40.19318477834087,1
-31.075329996761266,373.028414760874,-2439.75999999978,2218.62000000011,4658.37999999989,113,-1086.9010619467906,20,-0.625032146700624,4.149278948175669,1
0.48583359399441406,10.231363440070567,-33.51,134.65,168.16,39,-24.11051282051277,5,3.129282997323022,32.27806885981214,1
0.7298999061620439,6.073769885999914,-17.28,64.68,81.96000000000001,19,-12.708421052631579,2,1.8459851487222878,11.10478375813036,1
-0.4413919299307355,96.54143466688359,-311.179999999993,1174.94,1486.119999999993,55,-223.69599999999653,7,1.6773806841498218,14.30594226677636,1
4.390559899918113,91.9642210079798,-731.0,533.360000000015,1264.3600000000151,41,-318.9975609755983,6,-0.11571508362222381,6.4664664074949965,1
-5.588758210828441,114.37431539964457,-1715.26000000001,1711.72,3426.98000000001,24,-1060.2116666666732,4,-8.02909351778252,139.90936669525962,1
-0.7950672505192806,166.37292069223756,-3539.81,1080.72000000003,4620.53000000003,32,-708.7215624999735,4,-4.307011273284461,77.73557347449118,1
0.3852361588989436,7.240432098587565,-17.05,252.22,269.27,9,-15.027777777777779,1,13.896448288288322,461.729140347144,1
-4.308626837658232,248.62078345001757,-460.169999999998,8127.65,8587.819999999998,0,0.0,0,11.836443744674343,364.6025981032021,1
3.0771379418198515,127.01519197680008,-485.039999999994,1049.64,1534.6799999999942,64,-310.44437500000083,13,0.542154382447471,3.4862502795392594,1
2.923012198936538,826.2136016147653,-2928.25,3052.5,5980.75,69,-2093.894492753633,13,-0.003650910160192925,0.34043873367431443,1
-3.0517297466400324,104.59802285160548,-1211.28000000001,1195.0,2406.2800000000097,57,-504.23543859649413,6,-2.753561935152025,49.50077777310525,1
-2.1220206443556986,45.067142361802105,-527.059999999998,352.75,879.809999999998,59,-176.65694915254406,6,-1.6935619138775582,19.389582834944914,1
0.8620675633402,17.6144206624788,-51.1400000000003,585.04,636.1800000000003,6,-41.40833333333374,2,12.325480519329512,384.2246867193743,1
0.742421019708569,69.58644153092098,-1594.25,897.130000000005,2491.380000000005,19,-492.05631578947145,2,-7.8217075857790315,208.30476248134417,1
0.8939036596808605,10.729852015159754,-28.8100000000002,287.23,316.0400000000002,5,-24.8460000000001,2,8.165671879681025,179.58228687189293,1
7.097754144505848,68.29062574754009,-449.900000000009,687.510000000009,1137.410000000018,22,-251.3768181818251,3,2.456006502748512,21.268520691365733,1
-7.801088520489706,140.96614751626626,-1961.48,1118.95999999999,3080.43999999999,48,-672.3797916666693,11,-4.470990338238133,63.8359059999902,1
1.1227213012092796,133.6126368058371,-497.710000000021,838.410000000003,1336.120000000024,72,-312.63861111112135,7,0.2946983382890431,1.5131918040531822,1
-2.349146074446512,84.32494729797335,-1514.3,646.300000000003,2160.600000000003,23,-545.0839130434786,2,-6.042921701576115,92.37182076386911,1
2.177694713794176,71.08461447580363,-1447.2,1602.73,3049.9300000000003,17,-388.58294117647256,3,3.147194497118543,191.6245371194576,1
2.477069127306862,11.321607419849752,-29.55,193.1,222.65,16,-23.3275,3,2.694346195948894,27.862262482442592,1
0.5766249609009163,13.229259058629392,-23.74,386.05,409.79,0,0.0,0,14.699551994832657,336.4376790998687,1
1.6957616515483427,9.193295493804298,-22.73,132.92,155.64999999999998,9,-18.234444444444446,2,2.5592447015806448,19.11761264028893,1
-0.6053862996622993,43.43088300695501,-458.760000000009,433.329999999987,892.089999999996,66,-161.31030303030997,33,-0.3270771933338843,16.200761761730913,1
2.0037973099788235,42.61197591264029,-101.02,946.380000000001,1047.400000000001,12,-90.81999999999907,3,8.22799007678497,142.20916680904418,1
-1.8424147638548543,233.32276399600553,-889.010000000009,1231.59,2120.600000000009,72,-577.2997222222364,10,-0.038722776999773584,0.26156172707899694,1
0.23618705035976675,8.777989211372827,-20.27,306.98,327.25,8,-18.646249999999974,1,14.37314124491689,477.21371221872795,1
0.36055364404131585,8.69462643149491,-21.55,354.81,376.36,4,-18.28000000000005,1,21.685103393297513,864.9009091483263,1
1.5919862370973077,10.863256615195112,-41.34,132.52,173.86,31,-26.988064516129,5,1.4285098498214734,9.273522367703169,1
-2.277744760725999,89.62569527729214,-1447.30000000002,561.25,2008.55000000002,41,-497.0046341463542,10,-7.60762647842251,108.11853950012427,1
-1.7033375039104959,39.53863274352107,-197.570000000001,159.84,357.410000000001,56,-94.08160714285779,11,0.17306338876131414,0.6944371719621021,1
27.697360025020657,377.1221524200817,-1412.65999999997,2743.65000000002,4156.30999999999,65,-890.8069230769249,14,2.8170152949426615,16.08096419713147,1
0.666115107913706,34.25052694456677,-113.62,143.1,256.72,116,-81.06327586206893,10,-0.06017523515850801,0.5303518241972793,1
-5.511354394750071,219.44915989912127,-2096.88,1185.12,3282.0,76,-808.9951315789579,7,-1.740734967209226,13.114474291785058,1
1.18282765092365,47.05756142115602,-316.669999999998,626.270000000004,942.940000000002,39,-166.84923076922993,4,5.6750591095189815,80.99641874034361,1
1.943600250234549,13.445666349839888,-29.5300000000001,504.65,534.1800000000001,2,-27.69000000000005,1,16.963348675668733,610.4095156666615,1
0.7956365342508088,7.460099544520487,-24.4200000000001,40.66,65.0800000000001,39,-16.686153846153896,7,0.6445551810498885,1.4391955181066178,1
1.5370096965864066,90.83674997945006,-1281.64,2167.23,3448.87,26,-277.6280769230804,5,3.987058181988445,118.36020363027906,1
0.4638598686269092,16.376793761399576,-71.6199999999999,473.58,545.1999999999999,16,-42.04124999999995,2,9.863873045312122,250.99064399984914,1
0.7089646543634883,11.652110360098636,-18.42,565.93,584.3499999999999,0,0.0,0,35.91094182211782,1730.0666521398462,1
-0.13032217704151683,125.82313861652453,-1146.91,1315.78,2462.69,73,-520.8916438356168,6,-0.8621302450579509,27.444229134537558,1
0.8139099155456113,13.43662786973988,-65.6200000000003,347.05,412.6700000000003,26,-42.52384615384639,9,5.932951694016972,142.06864899574086,1
-1.4191335627110142,82.19062870592607,-1571.47,1940.93000000001,3512.40000000001,31,-386.7816129032232,8,3.788527500849536,281.8377403070448,1
1.0493462621207221,12.285560565773622,-19.78,529.59,549.37,0,0.0,0,26.16551873305439,1079.112578424967,1
-1.4752674382339377,127.90587687474721,-782.589999999997,833.75,1616.339999999997,55,-321.7820000000086,7,0.020852186063668912,0.8322820403567648,1
-0.00725680325392034,19.374180171478496,-110.110000000001,200.709999999999,310.82,65,-60.11369230769309,10,0.5787707832180212,9.366261810866765,1
-29.725136065060696,455.7255970811036,-6083.56,1762.62,7846.18,107,-1866.6092523364518,8,-4.072106293096897,34.06093184035402,1
0.524385361276297,15.7943271068237,-34.4799999999998,642.61,677.0899999999998,2,-33.0949999999998,1,23.19937364432679,883.6127705869536,1
2.1049139818605824,88.76339814193251,-1070.62,1029.48999999999,2100.1099999999897,65,-320.8672307692271,6,-0.1293973186010197,23.963603105011828,1
-7.599390053176318,76.1121657186405,-233.580000000002,309.68,543.260000000002,34,-187.6094117647072,9,-0.0309829500837812,-0.5219844323744907,1
-0.205814826400045,18.29742242096659,-154.190000000001,187.679999999999,341.87,75,-58.693333333333634,9,0.6534298512553811,14.444849389459385,1
0.14260869567780876,115.24094346872452,-334.629999999946,2096.5,2431.129999999946,50,-268.9231999999691,10,3.8743809539682665,54.86187553520906,1
1.5537503909916097,9.625533176784678,-24.9400000000001,178.11,203.05000000000013,4,-21.084999999999923,1,3.4572286110089854,42.8333860215197,1
-0.9683203002809684,73.92678819218128,-255.709999999999,773.739999999998,1029.449999999997,56,-172.45589285714246,9,0.38707561249836164,3.689152970028399,1
-9358.680481701595,134372.66297930112,-245978.5,296693.0,542671.5,0,0.0,0,0.3446379237373333,-0.30071450352968565,1
0.8863653425090356,18.160010256767286,-124.27,148.610000000001,272.880000000001,43,-55.35581395348799,9,1.1571480173755049,9.912580679662877,1
5.021710979057035,78.89899337723033,-243.109999999986,791.890000000014,1035.0,15,-175.06399999998592,2,3.3598573794050854,24.245222905396155,1
-0.4189271191770664,66.59852221686407,-1502.57000000001,468.5,1971.07000000001,45,-347.10200000000196,9,-8.925762745664251,176.5607009322209,1
2.2859055364404566,180.07106810385946,-1226.78,2814.98000000001,4041.76000000001,74,-581.9943243243252,10,2.2525927941839297,45.731774607937226,1
1.6237222396017386,98.15737740473588,-800.779999999999,741.76999999999,1542.5499999999888,57,-279.39807017543706,9,0.2850033687386006,7.052242987429224,1
0.6462433531435516,22.931994319298287,-20.19,1174.57,1194.76,0,0.0,0,44.181902861859676,2185.980724654721,1
0.4697184860804482,20.683159900153406,-35.8500000000004,1030.83,1066.6800000000003,0,0.0,0,38.770457805470784,1924.0384481611247,1
8.053644041288672,21.449625650642023,-48.34,275.9,324.24,1,-48.34,1,2.3505380695639233,11.65073360615595,1
0.43693775414453945,9.995242836574484,-29.4399999999999,342.66,372.0999999999999,10,-22.82599999999997,1,13.158207421545193,431.9246801963108,1
0.7816734438536256,13.03858101140909,-17.8,528.24,546.04,0,0.0,0,29.304533739995513,1087.3357892779388,1
0.9635376915859097,16.83287990275812,-226.16,585.4,811.56,21,-86.3128571428571,7,10.544103739760038,486.23582997919215,1
1.5831404441692427,68.76971893709363,-369.610000000001,1187.28,1556.890000000001,33,-176.9509090909058,4,4.802482835170207,82.96158795941864,1
0.2699030340940285,14.416377788338817,-48.2600000000002,353.089999999999,401.3499999999992,30,-35.04566666666705,4,9.295034502797803,210.67860440643383,1
0.6919705974350768,9.955903384139404,-33.23,144.28,177.51,35,-23.64314285714289,9,2.181307243000978,21.810798417340376,1
-7.258689396311424,215.39852801204486,-1677.47,1298.60999999999,2976.07999999999,74,-814.0159459459504,15,-0.9511979314425595,10.826230879013814,1
-73.94211135445013,589.5155191624116,-1893.93000000005,1840.25,3734.1800000000503,160,-1473.5750625000535,34,-0.5419052962811325,-0.03431038870179126,1
-3.101210509853021,19.052447633915172,-143.26,75.7199999999998,218.9799999999998,83,-71.90469879518074,30,-2.1546761308036357,12.9336924795716,1
0.2793712855803787,7.698181185696309,-26.3299999999999,104.24,130.56999999999988,73,-18.793013698630006,5,1.163474703622914,12.335089008744095,1
-1.2172630591191202,61.301728180639344,-1093.76,226.879999999997,1320.639999999997,35,-333.0417142857156,8,-7.429557280335616,111.1968625473375,1
47.930807006457265,440.84044276041453,-1611.0,2746.0,4357.0,35,-994.3237142858227,6,0.7230113995582201,2.2043050958320434,1
3.281789177351636,402.9971952422112,-2110.19,2479.12,4589.3099999999995,97,-959.924020618559,9,0.2692126881686101,2.9916021228288807,1
0.8594745073504264,14.18836190286815,-99.7400000000002,263.19,362.9300000000002,35,-40.5657142857145,4,2.369159086073115,39.26376309580793,1
2.151773537691558,20.91687137941037,-23.11,955.81,978.92,0,0.0,0,31.891249987413048,1386.496497821113,1
1.6208695652173768,13.062700601613153,-27.38,511.68,539.0600000000001,1,-27.38,1,19.538943737560395,732.3299003897821,1
-1.4331185486358302,47.090137786610775,-299.789999999994,801.490000000005,1101.279999999999,69,-159.67782608695322,9,2.655262089820083,47.033616780311796,1
-2.9065154832690427,79.06364741817909,-2665.62,517.769999999997,3183.3899999999967,17,-775.6152941176501,3,-20.40140550916997,555.6706330206019,1
2.030109477635201,11.120226284224163,-49.6900000000001,112.85,162.54000000000008,9,-27.280000000000094,1,1.8946394659130488,9.13250130803241,1
-55.430950891460746,1973.8632432288573,-7056.25,7019.75,14076.0,81,-4977.561728395061,16,-0.11104208782437622,0.22598025782865916,1
0.07786987801069736,10.839901056955084,-66.91,155.4,222.31,59,-37.787457627118584,32,0.9802534819128378,25.48839361966743,1
1.3503378167030324,43.636441773860355,-427.380000000001,581.85,1009.230000000001,72,-169.10305555555584,7,-0.7163954946606131,29.339627405704185,1
1.778686268376636,11.103305970136871,-28.67,81.24,109.91,11,-22.826363636363613,3,1.0559082213744493,3.003919870985162,1
-459.75758836414735,2400.142059362506,-6888.25,4978.56999999995,11866.819999999949,115,-5936.796086956576,36,-0.3603558048834982,-0.44700112191200425,1
54.596568658128646,548.2821098313411,-1185.95999999999,2519.84000000003,3705.80000000002,13,-1098.172307692298,4,0.4716206988021031,0.12381169806575176,1
35.85283703471991,753.3195656874107,-2158.12000000011,6784.87999999989,8943.0,48,-1710.161666666662,8,0.7548522654365174,4.696777649065548,1
0.3919643415720418,111.38324049207787,-2027.92999999999,654.419999999998,2682.349999999988,21,-919.6076190476155,3,-9.412482917732097,168.44937147794104,1
0.2906537378793081,8.400112324302397,-27.0699999999999,312.19,339.2599999999999,12,-21.98999999999994,6,18.089882771896633,615.430349194703,1
2.2969377541445097,40.908684445932074,-173.5,379.87,553.37,35,-92.83799999999997,7,1.6931430629803443,9.498112469123317,1
0.0772442915234029,8.721444017109478,-29.01,111.51,140.52,80,-20.69649999999991,5,1.095261410171765,11.574534392441524,1
19.60773224897987,388.4973228150042,-12678.18,1888.73,14566.91,8,-5557.062500000002,4,-19.656882968881877,567.4446211960801,1
0.5110103221769327,7.7254366128482665,-39.5100000000002,91.0899999999999,130.6000000000001,27,-21.276666666666795,6,2.4364193837781962,22.00258550924766,1
-2.560315921179046,79.62074667620548,-602.960000000006,1623.78,2226.740000000006,59,-264.5183050847495,6,4.905370650468345,101.00304525589837,1
7.848348451671133,48.43197324203874,-255.440000000002,438.399999999994,693.839999999996,7,-144.8042857142896,1,3.014304980347498,14.743181861273655,1
16.880763215514,105.28031327785926,-285.100000000002,916.919999999998,1202.02,8,-239.26500000000038,5,1.83849887907197,6.240681264421134,1
1.3261370034407014,8.31757450238651,-22.35,97.4599999999999,119.80999999999989,16,-17.16375000000003,2,1.5947967161634637,7.908427870204257,1
0.0721207381920386,13.175695122165898,-30.8199999999999,468.74,499.5599999999999,4,-29.202499999999976,1,18.734800958395322,588.4741860347107,1
-6.840913356265554,54.01845521626385,-464.349999999991,504.12000000001,968.4700000000009,113,-183.66106194689607,8,-1.388456036563331,11.450692068576997,1
0.7093087269319216,143.0024265775249,-602.840000000026,990.809999999998,1593.650000000024,81,-361.6765432098764,13,0.48008244671410777,3.887010094383319,1
-8.1946981545186,124.9439744053491,-797.660000000003,625.490000000005,1423.150000000008,98,-352.0404081632638,6,-0.4917509190552156,3.110277245950096,1
144.99322802627464,478.5563096965242,-581.39,1528.27,2109.66,0,0.0,0,0.6086891048399486,-0.7888884069266608,1
-2.9857272443042895,144.06691336885876,-473.400000000023,2434.09999999998,2907.5000000000027,39,-353.84871794873067,5,2.8424800567956843,35.45678686557316,1
-0.005674069436585399,53.41154144280955,-309.87999999999,614.25,924.12999999999,62,-146.33725806451247,12,3.113818570556653,33.79176460856967,1
0.9121269940586849,68.7083984613459,-2019.11,429.150000000009,2448.260000000009,33,-260.8200000000002,11,-7.523538188959874,236.91390073351593,1
-1.828573662808805,33.37506582555531,-501.469999999999,274.82,776.289999999999,25,-219.9871999999998,5,-5.831794408514242,82.33531720304843,1
2.2124022521111697,48.067364089441654,-84.4899999999998,2150.72,2235.2099999999996,0,0.0,0,33.36370694876734,1385.4418513336323,1
143.06156396621827,426.38282685593015,-509.31,1323.72,1833.03,0,0.0,0,0.7660917254576127,-0.49255065527189723,1
-0.7119705974345176,39.53921309480987,-252.68,1410.41,1663.0900000000001,51,-128.3798039215687,9,13.851082806103774,509.900928156467,1
1.7440913356341188,75.31915176590519,-217.959999999992,920.160000000003,1138.1199999999951,47,-174.77936170212132,5,1.5357545888442647,14.668117002224506,1
8.99734125742887,29.630778289151625,-33.67,1045.04,1078.71,0,0.0,0,14.103709048940189,466.4941205946423,1
-4.887754144454481,286.4902358821785,-1664.81999999995,1101.12000000011,2765.9400000000596,89,-764.0805617976995,10,-0.21150312139448343,1.4402785878867403,1
0.22352205192359592,8.412700334212612,-34.6000000000001,104.16,138.7600000000001,23,-21.328695652173998,3,2.1864867713481195,21.915178904809455,1
-43.48237410071736,447.14089879596736,-1696.94,3622.40999999997,5319.349999999969,105,-1218.2795238095205,66,-0.2950758242969404,1.9479779803631203,1
-3.5966750078208465,51.166394150073906,-460.100000000002,955.860000000001,1415.960000000003,70,-189.62628571428687,14,0.73188083526413,53.15726716862475,1
1.9584954644978938,11.837752029821567,-30.21,83.8799999999999,114.08999999999989,16,-25.14187500000012,2,0.9450558359684157,1.6299398306043242,1
-15.694901470128306,110.20739985852349,-449.190000000002,953.660000000003,1402.850000000005,54,-266.85148148148085,7,0.29879513846199585,2.881414193779621,1
3.0239943697215974,12.77593372492214,-28.48,129.94,158.42,7,-25.114285714285717,2,1.9905687887479793,7.036726077626453,1
7.757288082579752,84.73455734862343,-280.889999999999,3117.05,3397.939999999999,9,-214.13666666666288,3,16.29482940397833,568.1927066812628,1
0.40969971848200615,108.12657148467069,-1667.11,817.779999999984,2484.889999999984,42,-548.0790476190499,6,-3.966904695384351,78.43254081779126,1
5.364926493584514,50.26391749964301,-167.260000000002,602.189999999995,769.4499999999971,15,-117.57266666666982,3,4.110927591817122,31.825763696813873,1
1.6261057241163657,12.778411780704316,-26.54,446.64,473.18,1,-26.54,1,13.615326389394118,459.00218617303864,1
5.552837034725904,84.295841783184,-293.470000000001,1223.23000000001,1516.700000000011,52,-209.34865384614756,7,1.712756959935327,17.09272618737369,1
-2.0283015326871494,53.029908743620254,-927.290000000001,632.389999999999,1559.6799999999998,42,-311.2557142857146,6,-7.500837799643703,113.51222720309858,1
0.5738223334378001,14.314101593843588,-31.3099999999999,583.89,615.1999999999999,3,-29.5299999999999,1,23.886956601535484,903.5431501522017,1
2.5643509540194125,17.87794014639501,-71.01,191.9,262.91,11,-56.396363636363624,3,2.6831145421347364,16.9139042401736,1
3.3739943697164505,247.50367281925645,-653.760000000009,3703.58999999997,4357.349999999979,53,-554.922075471709,9,1.5533661433861083,18.664947070553094,1
0.5220988426649874,10.747099307012306,-18.21,427.14,445.34999999999997,0,0.0,0,22.197365115445795,805.0100125018824,1
0.5903784798250196,23.353615593508124,-55.5999999999999,839.94,895.54,12,-50.029999999999866,2,16.704798286873885,550.9205780229765,1
0.8263934939005361,21.780832260548433,-15.16,1060.04,1075.2,0,0.0,0,39.225427895793686,1799.3592363367056,1
-13.766994056926702,125.9618206675273,-2164.5,2397.60000000001,4562.1000000000095,89,-381.44651685393126,11,-1.8196051786889076,100.46933729985966,1
0.19778542383455575,14.083327375067707,-81.6900000000005,148.57,230.2600000000005,63,-43.53317460317488,8,0.4372530250178571,9.54013358590644,1
15.447097278703659,734.0083809937839,-2630.67999999999,4553.57000000001,7184.25,125,-1736.8955199999946,53,0.013622267878476278,1.1094858916573438,1
1.0686080700657155,21.49169758812087,-19.4200000000001,1040.81,1060.23,0,0.0,0,38.847658816474876,1785.1352599209472,1
-11.350259618391712,342.1640713535958,-2579.68999999994,5089.31000000006,7669.0,33,-1316.6927272727198,4,1.1762212561598517,28.193402183831637,1
-4.334350954023475,76.76573105024083,-1081.67,365.860000000001,1447.530000000001,42,-481.19880952381425,4,-6.2792363886386156,69.0555670267956,1
2.6572317797935576,40.59507444648148,-104.64,1557.32,1661.96,18,-91.91111111111113,11,18.07279445320114,673.5900864237476,1
0.40150453550205256,8.399786952762174,-35.0999999999999,205.71,240.80999999999992,13,-20.03153846153845,4,9.872410891208816,210.9230390035583,1
0.25162026900233453,10.465417342482448,-49.6800000000003,333.06,382.7400000000003,40,-26.006999999999955,4,10.780410947350122,328.35541182129197,1
-0.1757647794806718,13.051162577393475,-56.9499999999999,378.87,435.81999999999994,39,-39.365384615384514,29,14.308870105432137,412.6822645087325,1
-1.5769064748166484,65.84784762573831,-634.51999999999,576.220000000001,1210.7399999999911,45,-244.43311111110734,4,-0.8757639268348448,14.541007851953925,1
54.24320613074409,389.21471832312363,-907.730000000003,1140.42,2048.1500000000033,7,-801.6757142857178,2,0.362006010336033,-0.7534626251057337,1
0.381576477948003,9.611664605181538,-22.6400000000001,204.63,227.2700000000001,20,-20.73300000000012,2,4.337819074755182,72.59638459410006,1
1.1391710979043483,22.354683250195716,-27.8399999999999,1101.74,1129.58,0,0.0,0,38.56556332486813,1846.6047467237736,1
6.852749452584023,135.47122098054894,-841.97000000003,2038.93999999994,2880.90999999997,39,-435.6817948718239,5,2.8763238914340636,31.559386185156505,1
0.19576165154624822,158.08513058060936,-1305.0,1778.92999999999,3083.9299999999903,76,-618.5186842105261,7,-0.5825149574533641,22.909083976188324,1
1.9508633093519734,69.02125576919474,-226.220000000001,878.099999999999,1104.32,26,-153.16076923077011,3,1.9333746181094458,16.406587915626112,1
1.6625523928686077,92.61915108661466,-266.969999999999,875.1,1142.069999999999,33,-206.0921212121209,7,0.6196974464449928,2.9126299092227326,1
1.0493837973077105,90.0319851107007,-1612.48,489.509999999995,2101.9899999999952,26,-653.0107692307713,3,-7.94839498437671,121.0465230605676,1
0.6445355020332024,7.812751161509856,-40.1799999999999,73.6500000000001,113.83000000000001,44,-23.256818181818133,14,1.0598335633218068,8.456752169523083,1
3.233318736308305,48.39564787149943,-389.050000000003,370.069999999992,759.119999999995,40,-195.47100000000674,9,-0.37226384864468876,10.515352275055672,1
1.5169346262118173,24.669166957170564,-220.26,208.16,428.41999999999996,66,-84.49196969696996,10,-0.9348162036540665,16.281511037083458,1
0.4781232405378943,8.087235843642267,-23.8600000000001,88.0599999999999,111.92,48,-18.412500000000104,4,1.1221532350512973,6.741780137787581,1
1.1854519862371296,21.219836331791974,-17.9599999999999,1136.98,1154.9399999999998,0,0.0,0,48.08636170707048,2564.997256378778,1
26.629202377229344,203.48292188947335,-1950.15,1236.7,3186.8500000000004,56,-652.945892857142,9,0.622062062754886,10.221349971350891,1
2.7251736003054776,320.41907361416736,-2359.5,2380.12000000011,4739.62000000011,55,-990.1683636363043,21,0.016276311959108527,7.964287377374781,1
5.798120112604982,78.37157594304612,-330.67,2069.25,2399.92,10,-233.1160000000006,3,6.119855842495801,150.98579067549687,1
2.1042790115733676,34.28123240358914,-47.0700000000002,1360.73,1407.8000000000002,0,0.0,0,28.876841504786153,1044.1510815753031,1
0.8997122302156965,17.491296320207155,-108.02,481.68,589.7,49,-53.20877551020421,7,7.39216494415793,193.43902379588312,1
3.5686831404456405,41.375783601196936,-187.889999999999,975.660000000003,1163.550000000002,40,-113.06999999999843,7,6.848083581047376,126.34276360316179,1
3.7443165467573674,60.515109539062706,-328.860000000001,637.279999999999,966.1399999999999,41,-183.41780487805457,6,1.5300514954545084,12.046127557517154,1
-59.19388802004638,636.7915319779328,-1938.94,2420.27999999997,4359.21999999997,114,-1470.4704385965204,35,-0.3298903877890571,-0.4053495691967366,1
-8.140028151392976,124.28534607487461,-2090.41,419.329999999987,2509.739999999987,34,-758.981470588238,3,-9.044868025644776,137.73073368090448,1
-0.1348639349651425,251.8155041040635,-1478.18000000005,1569.84999999998,3048.0300000000298,91,-693.4827472527728,16,0.15313632412803638,4.416651945998781,1
0.34685017203630175,12.963445323837824,-41.2199999999998,390.48,431.6999999999998,11,-31.99999999999991,3,18.211028685278475,524.7452335005416,1
28.256862683763277,251.50264344809622,-905.809999999998,2336.0,3241.809999999998,41,-624.2887804878012,8,2.3067713152047014,12.493433210043111,1
-10.395552080063636,112.14873776303732,-665.139999999985,1096.09000000003,1761.230000000015,91,-316.61362637361424,10,0.6676950247302198,11.219582901609408,1
-0.19433531435756826,11.128453286089517,-38.9100000000008,184.25,223.1600000000008,48,-25.86479166666703,3,2.4695399858229896,34.25342519433878,1
-0.36570847669863027,76.7034933767054,-1453.21000000001,1010.8,2464.01000000001,31,-465.12322580645304,5,-5.7158061404329,114.427407820161,1
-15.813578354709831,158.1337072268151,-2136.83,1958.77,4095.6,51,-997.095294117649,6,-7.325010163753838,93.95178743392407,1
0.7283046606193043,12.171054053593549,-18.4200000000001,528.78,547.2,0,0.0,0,27.009133547506615,1119.1021677675947,1
-11.841970597491997,336.8857586198855,-2101.81000000006,1465.18999999994,3567.0,74,-1041.1451351351905,18,-0.5945342445940661,2.853851076507114,1
73.40447607131436,997.5549830580958,-20925.5,6117.97,27043.47,16,-8175.051875000003,4,-12.729565453879442,275.0576976688773,1
-0.0051861119799871125,6.49730685080374,-31.4,157.59,188.99,55,-17.236727272727272,7,5.15108599355544,116.91229701742058,1
3.3572818267128466,282.0834586342446,-772.300000000003,2303.21,3075.510000000003,16,-656.1849999999995,5,0.2403286181816625,0.6736504218197972,1
0.9550078198247703,149.2737213785126,-1065.91,1398.62999999999,2464.53999999999,66,-543.6998484848542,18,-0.12085090020956149,14.872950373025752,1
1.412686893963119,34.233491819534564,-177.0,745.5,922.5,47,-94.48659574468088,7,4.548588720835432,92.48007084781608,1
0.613715983734779,7.291428388824985,-19.33,237.64,256.96999999999997,16,-15.775624999999993,2,11.130597086461114,348.6507943245485,1
3.643015326868958,17.282225077763822,-20.03,532.69,552.72,0,0.0,0,13.20752666931534,348.15337803219126,1
-0.27844541757927177,25.361015713885575,-183.88,258.6,442.48,65,-103.46846153846175,4,0.12133111469379522,21.453708250836847,1
0.5084985924304782,10.210408046000188,-41.8499999999999,235.16,277.0099999999999,28,-25.07035714285707,3,4.295899333540873,88.7587463706386,1
2.6101751642164523,14.206087630827852,-35.8,284.55,320.35,7,-28.55142857142855,1,3.5527105407073125,55.05924105619456,1
-76.12850172035772,301.4019644631931,-855.830000000002,634.720000000001,1490.550000000003,173,-749.4905202312085,28,-0.7851586864822061,-0.28147647501353656,1
-3.8417234907718663,102.04266017193567,-495.649999999994,4722.88,5218.529999999994,47,-322.0121276595737,10,30.683588622791905,1440.1300730745866,1
-2.79725680325298,122.74603187866673,-950.280000000028,940.719999999972,1891.0,73,-469.08041095890485,7,-1.1369832010761751,12.81708825465441,1
-19.347725993120175,87.8871630416854,-271.040000000001,627.09,898.130000000001,174,-228.49402298850737,93,-0.6056929701369397,0.9890400324577291,1
1.527672818267011,95.18932163218227,-3129.85,758.859999999997,3888.709999999997,12,-1114.2825000000003,4,-19.301743832318866,537.3562394855697,1
2.396850172036193,23.52175617262111,-52.24,1018.52,1070.76,1,-52.24,1,28.214042197675326,1135.8949465763997,1
5.4026618705024445,83.55369411838184,-160.310000000001,2134.13,2294.440000000001,0,0.0,0,8.59047270950979,188.69523473505356,1
-10.815408195180403,219.26926460932117,-1822.0,1135.63,2957.63,76,-643.3564473684191,8,-0.42327591701670914,5.770229666834872,1
-24.578886456050423,941.1939461291516,-2586.05,1790.98,4377.030000000001,155,-2215.1134838709654,46,-0.448801819451696,-0.19643068891359006,1
-0.11455426962820477,76.17083693926507,-512.930000000008,1556.37,2069.300000000008,63,-239.18158730158922,22,6.493004379579001,133.3043553051944,1
0.83683140444171,17.07910536044213,-21.02,824.92,845.9399999999999,0,0.0,0,36.20573625361854,1703.3196670385917,1
0.8573443853612854,8.92095685674243,-17.62,335.59,353.21,1,-17.62,1,17.23069369257087,620.8216074270132,1
-5928.36849859243,19455.902921030658,-93814.75,3753.06,97567.81,214,-73935.24205607477,12,-3.2617925714989786,9.510959009555341,1
2.465208007506891,11.371077196891461,-20.9900000000002,86.5499999999997,107.5399999999999,1,-20.9900000000002,1,1.7909370937400706,5.991692337813017,1
-1.4527525805459571,179.26302610127652,-5221.02,613.349999999999,5834.369999999999,21,-1758.3571428571436,3,-15.91043936503159,349.23598181050215,1
1.0539036596809592,25.181898460951945,-19.8299999999999,1334.17,1354.0,0,0.0,0,46.84429470622486,2457.595602879767,1
0.6396121363778173,6.936587166151799,-28.9100000000001,63.4399999999999,92.35,28,-16.646428571428597,3,0.8290792433217895,3.136785290046422,1
16.94863309352977,186.37457704951817,-1344.54999999999,1893.26000000001,3237.81,49,-721.2236734693831,6,1.1839140733061833,18.898278481332774,1
0.3317047231779992,10.96004325170378,-33.45,511.49,544.94,14,-28.35214285714286,6,32.07085391828624,1480.0845863754248,1
0.6802721301220906,14.65891203510476,-30.54,553.94,584.48,1,-30.54,1,24.07085509299051,789.1919988903752,1
0.885279949953076,11.636231645908776,-20.47,527.05,547.52,0,0.0,0,29.34479884291814,1307.8320437417435,1
1.1989208633093025,7.932034592699833,-26.1900000000001,48.03,74.2200000000001,12,-17.20083333333339,2,1.3684026264500035,3.8411273230023113,1
4.703584610569595,106.32696775385762,-1380.67,906.970000000001,2287.6400000000012,28,-513.1332142857175,3,-1.9135600000602788,35.21457878963203,1
-1.500559899906446,52.208613182384276,-401.440000000001,2049.08,2450.520000000001,11,-179.58090909090973,1,20.251987719218338,761.6050402836787,1
2.218758210822623,12.282180502202202,-37.11,351.15,388.26,6,-30.69833333333335,6,9.035270776167872,219.6251823348661,1
1.0292367844855141,9.83399041335879,-25.4200000000001,182.15,207.5700000000001,10,-21.223000000000013,2,4.450332049787643,55.71061782769044,1
-2.9597403816020287,107.61209561233515,-1212.31999999999,441.889999999999,1654.209999999989,54,-389.93333333332856,5,-1.9674208612943973,18.597060290510154,1
-1.9180731936249371,70.94812773608493,-1012.56000000001,1303.81999999999,2316.38,36,-382.7436111111183,5,-1.118240908914462,108.8157857276288,1
-1.2358429777913522,17.779912870271243,-118.73,230.240000000001,348.970000000001,106,-55.19811320754682,22,-0.189949826138896,15.008691220509458,1
1.1525117297466556,22.18102677527312,-16.27,1028.35,1044.62,0,0.0,0,35.19745494973488,1508.9242400800904,1
1.255605254926605,43.80455865271797,-25.7199999999998,2449.77,2475.49,0,0.0,0,54.627297940020746,3050.451780905255,1
0.8058523615890046,6.652216838414434,-15.83,134.31,150.14000000000001,10,-13.6,1,4.038272994133232,59.671759182781265,1
1.5270503597139762,35.796431347868946,-510.57,195.350000000002,705.920000000002,38,-136.81263157894577,3,-3.086037840000869,48.5415103125347,1
1.922818267125219,22.278458751395565,-77.6200000000003,417.219999999999,494.8399999999993,5,-53.682000000000144,1,7.701588888201755,96.88213436452844,1
-3.808880200183094,125.291423910802,-1495.46000000002,1453.88,2949.34000000002,72,-415.1262499999954,6,0.09897049570914909,22.610309096553717,1
-0.14081639036394117,45.12557438886856,-438.029999999999,313.990000000005,752.0200000000041,44,-134.63840909090706,5,-0.07360529609526557,9.99247599061618,1
4.584904598055996,101.00266467820337,-1943.65000000001,631.809999999998,2575.460000000008,14,-772.4350000000071,3,-5.978193778515686,114.12602408703577,1
14.465852361587533,99.27253036347817,-935.540000000001,1061.64,1997.1800000000012,59,-309.55050847457784,12,0.861511850699859,13.645093614265178,1
0.9416484203942287,10.466391867081187,-24.1799999999998,215.8,239.97999999999982,3,-21.833333333333268,1,9.634354294652379,178.24441800841615,1
-11.39981857989287,215.23697873022851,-1619.21999999997,1126.56,2745.7799999999697,57,-601.408596491199,5,-0.16107718814698863,3.5336789986592905,1
-16.437560212697296,348.80536208878175,-1122.56,1169.72000000003,2292.2800000000298,76,-849.3522368421047,24,-0.18011542825364282,-0.4948522935406019,1
-10.710193931812267,144.13815891364092,-478.349999999999,1390.59,1868.939999999999,86,-348.6255813953498,21,0.1801286948512808,2.7971220847402636,1
-14.1482076947152,129.67476000770557,-580.389999999999,691.739999999998,1272.129999999997,128,-349.4131250000014,14,-0.5655606481388581,0.4909455730506198,1
-0.031557710354605216,42.80440313955371,-404.540000000001,1237.93,1642.4700000000012,41,-160.50024390243996,9,6.8715018128196075,230.85439429129212,1
0.28445417578974785,8.974772734055383,-65.2600000000001,82.3199999999999,147.57999999999998,56,-28.076785714285762,11,0.9664182403609998,13.376569743357887,1
0.26351579605895387,13.258350154583205,-94.6800000000003,312.74,407.4200000000003,35,-44.67771428571417,9,6.668191193540092,140.82205131671267,1
-0.6445042227090625,176.81661235457446,-1218.21999999997,2135.56,3353.7799999999697,77,-542.7937662337707,6,1.0460034052606824,18.002531364099873,1
3.7913888020017765,15.727287671096807,-29.4100000000001,150.04,179.4500000000001,2,-28.73500000000015,1,2.5707593720159507,10.919513884856814,1
0.8579981232405256,6.679378537730412,-20.38,77.46,97.83999999999999,18,-14.684444444444445,5,2.23473112974074,17.350533774572988,1
0.5270878949014846,14.553560691617653,-23.35,633.02,656.37,0,0.0,0,31.473025444605383,1246.2074436745258,1
0.38420706912733416,6.1490960733692095,-18.03,63.0700000000001,81.10000000000011,37,-13.891081081081047,2,1.3151075318823566,8.952158086668577,1
0.44486393493898696,8.01602583259502,-20.7,234.8,255.5,4,-17.577500000000025,1,10.415004937694482,254.5166387841997,1
0.25515170472353965,13.376201913102554,-55.5,327.05,382.55,27,-31.512222222221922,7,5.484769542555536,117.93480290483264,1
0.3548263997497845,5.59721439802046,-15.5799999999999,71.88,87.4599999999999,28,-12.081428571428555,1,2.433021054392174,21.696191895190015,1
4.1769471379383685,205.26598657316532,-838.709999999992,1974.54000000001,2813.250000000002,63,-508.3395238095282,20,0.22872793941316927,2.460624213115943,1
-157.035383171726,2650.4178644518415,-5807.42000000001,6128.51000000001,11935.93000000002,10,-5671.050000000002,8,-0.1274415179811952,-1.3188378774910026,1
0.815236158899022,15.811449300404496,-31.71,627.49,659.2,1,-31.71,1,20.49010919520451,778.6555426535319,1
586.8529903034109,5877.822558239856,-13662.48,11068.46,24730.94,15,-12064.522,6,0.10251576644581319,-1.2784219657230123,1
0.8467031592117141,9.365014310760895,-36.3100000000001,272.32,308.6300000000001,35,-22.458000000000034,18,7.846669392806671,220.47259484651795,1
-2.2910947764090066,402.34879633880604,-1326.18000000005,6090.75,7416.93000000005,51,-1068.0484313726079,6,3.910252440533072,48.8283558658285,1
1.1305880512980715,26.192972022833665,-22.01,1323.92,1345.93,0,0.0,0,42.27548150782191,2061.310108710928,1
-11.535314357209874,220.77394311410734,-814.72,1933.19,2747.91,86,-595.8061627906977,18,0.24206122444069508,3.674492093311809,1
3.27558961526391,38.26633241670908,-279.100000000002,233.73,512.830000000002,43,-116.91000000000045,6,0.568733089039091,6.924931972527075,1
6.6208789490173015,78.49654728760046,-860.469999999994,845.660000000003,1706.129999999997,29,-356.4668965517217,3,1.0945539571714111,30.95051560861613,1
1.3558805129808689,7.8594361450088375,-15.2,127.54,142.74,1,-15.2,1,3.6508653565710123,40.15274010316839,1
4.02654363465743,35.502768587636794,-233.610000000001,1013.66,1247.270000000001,9,-91.22444444444454,4,9.665403702783637,237.6503851954799,1
0.7185423834844795,28.04207993996247,-20.46,1541.75,1562.21,0,0.0,0,51.96669547813317,2849.9859209375086,1
0.9893681576474351,20.349210108901083,-46.9800000000005,950.309999999999,997.2899999999995,3,-44.90000000000023,2,32.198219044988534,1482.089488790213,1
0.5795214263371193,10.820822128863636,-21.9000000000001,427.22,449.1200000000001,1,-21.9000000000001,1,22.85076008922131,826.1207437398192,1
-6.5977510165213005,177.37453470006875,-2527.68999999994,1256.18000000005,3783.86999999999,40,-884.7854999999483,7,-4.6584463916219265,64.05410957575869,1
1.004213324991998,15.034020214978112,-83.6600000000003,412.7,496.3600000000003,3,-48.83000000000023,1,8.727664522344938,200.8675987674499,1
-0.4107882389740075,20.680767321540714,-202.53,299.94,502.47,54,-76.33722222222215,8,0.007515631221328822,28.33138482674251,1
0.10524241476384168,5.36643009985393,-29.18,102.8,131.98,32,-14.48,6,2.18388044661882,41.85163712313538,1
-10.0476196434719,402.70552231876866,-1775.31000000006,1816.43999999994,3591.75,55,-978.4741818182363,5,0.026194000072708588,0.2530409744422295,1
-4.015911792301795,131.8864899140695,-1533.35999999999,503.340000000004,2036.699999999994,72,-427.1383333333294,8,-2.8714067879578593,29.689083069271533,1
5.75817954331555,51.265415580062104,-536.330000000002,778.26999999999,1314.599999999992,28,-149.54607142857884,6,1.8397611648727037,26.84094285332247,1
12.623102908974241,203.8135104490007,-570.410000000003,1420.07999999999,1990.489999999993,4,-469.49000000000325,2,0.5792246957190923,1.2248605027854884,1
1.2277854238348087,12.879763716546092,-68.8000000000002,136.94,205.74000000000018,41,-37.44512195121955,6,1.1797669637725234,8.30232559917172,1
0.5932311542070546,10.631712959989796,-36.4,191.56,227.96,32,-24.341250000000016,6,2.8586065463687302,38.977331324950896,1
0.9480857053487494,20.780067395579255,-21.77,1037.58,1059.35,0,0.0,0,39.92468198755569,1947.917330901182,1
0.8129590240850812,9.5643792247834,-19.53,280.28,299.80999999999995,1,-19.53,1,12.65160386810091,306.8443967800228,1
6.008026274635362,55.694889468717754,-440.309999999998,1019.15,1459.459999999998,24,-191.73333333333122,4,3.9756978681407324,55.69611512156619,1
-1.2583046606190107,22.889974411552867,-202.259999999998,252.25,454.509999999998,73,-65.21945205479423,8,-0.009517593174205023,8.316564436949195,1
2.8784610572412106,12.721511198678597,-29.42,79.75,109.17,11,-25.076363636363602,2,1.7554381687773228,5.067541000734247,1
-1.3207694713835416,111.53391085579011,-970.020000000004,1599.31,2569.330000000004,60,-447.34933333333754,7,0.5421804830979106,36.44144730596237,1
363.1651548326556,55775.30483527522,-98120.0,100499.0,198619.0,0,0.0,0,-0.0008116547781955817,-1.4375144079865736,1
1.3622865186112063,23.368185813664315,-21.6800000000001,885.63,907.3100000000001,0,0.0,0,25.503388942227488,797.1102423831893,1
-2.122496090079231,62.82680327274152,-570.649999999994,1190.10000000001,1760.7500000000039,61,-228.0118032786829,6,1.7536935456448715,51.71044877157201,1
1588.5456834532306,24879.939183621773,-4370.75,571770.62,576141.37,0,0.0,0,17.063722961116603,314.79557715806465,1
0.41207694713794146,13.391980532169162,-51.3800000000001,174.21,225.59000000000012,59,-33.2813559322034,10,1.3079109507716138,13.630133871800862,1
-3.2507507037819168,87.38643644829786,-1207.56999999999,605.330000000002,1812.899999999992,41,-469.2507317073138,4,-4.749497812586912,62.451634975981776,1
5.877594619956159,18.73209360458559,-30.84,222.77,253.61,0,0.0,0,1.9430412918317108,7.906403600860525,1
0.38859868626834143,10.670502284028956,-25.1500000000001,307.84,332.99000000000007,9,-22.67000000000006,2,13.46410815601478,349.7297697459328,1
-2.2619424460435087,61.8274201074774,-540.619999999995,897.339999999997,1437.9599999999919,65,-231.1449230769223,8,0.10552072276981776,27.508579458116948,1
-18.30692211448528,275.42332741218655,-3709.81,615.039999999994,4324.849999999994,23,-3018.806956521739,3,-10.176793162632984,118.07247500021033,1
4.790750703784771,17.591760325258942,-32.5600000000001,187.54,220.10000000000008,3,-31.9766666666667,1,1.7849489136349501,6.569468004723802,1
-1.676443540814792,72.72860851126397,-855.419999999998,415.669999999998,1271.089999999996,45,-302.8819999999961,5,-1.8588165747515344,26.302981134408522,1
0.8663997497654512,13.265484229248724,-32.8599999999999,344.11,376.9699999999999,14,-29.166428571428526,3,7.804255842744721,170.09654166613672,1
0.5640850797622721,6.9737550911675505,-24.76,97.7,122.46000000000001,35,-15.85114285714287,6,1.7985916674130091,15.923420900510461,1
-7.719452611823523,393.33241462531043,-4432.15999999997,3027.15999999997,7459.31999999994,64,-1918.6992187500023,8,-2.9188798507695703,33.42877704860839,1
-58.59897403827087,5424.199058826016,-12483.7400000002,10278.7599999998,22762.5,85,-11373.298823529523,35,-0.2080921549233882,-0.7835157280332656,1
-0.06823584610565943,16.304435987147304,-88.03,244.58,332.61,40,-47.52749999999993,13,1.2335318608620516,19.979391425783845,1
0.603299968719948,56.51955748516474,-204.970000000001,1973.41,2178.380000000001,36,-149.2888888888898,14,21.296819580191197,698.0046182039512,1
0.6739662183192902,123.19398335261633,-1796.64000000001,670.989999999991,2467.630000000001,28,-689.1057142857213,3,-2.8789079348975153,42.85366992015442,1
-25.974263371899664,170.58009391165342,-977.279999999999,1098.40000000002,2075.680000000019,137,-518.0476642335653,31,-0.6725320052106367,3.6028013073338556,1
0.7341789177353573,10.243501396193537,-31.4400000000001,61.1399999999999,92.58,34,-22.374705882352966,6,0.6285729701247741,1.0277436265254707,1
1.6758367219267523,40.38735316815834,-26.49,1785.83,1812.32,0,0.0,0,38.05768093383474,1546.989890036973,1
0.07533625273699453,9.333247936052254,-47.47,132.49,179.96,54,-24.367222222222175,10,2.696830546808169,34.00402772894049,1
-9.041651548326312,240.16022292322157,-1744.75,2441.5,4186.25,80,-692.3846249999945,10,0.43717779218863767,13.077605057605663,1
0.45849233656556687,6.1430343618446885,-18.16,68.8100000000001,86.9700000000001,41,-13.382682926829231,2,1.465582386455503,9.85448251246557,1
5.3052455426979686,77.66232786928141,-158.240000000005,931.309999999998,1089.550000000003,1,-158.240000000005,1,5.816663144865992,58.10161702424611,1
4.704926493588891,112.84745334145332,-1457.87,952.660000000003,2410.530000000003,34,-527.0491176470578,4,-1.5614671956880928,30.57075970287373,1
1.3070315921175601,10.408563194750188,-32.25,337.9,370.15,13,-23.931538461538523,9,11.36274345174789,342.826064471425,1
0.9771504535501583,12.536205669709382,-51.1500000000001,285.66,336.8100000000001,30,-30.797333333333377,6,5.671711291089233,112.2068153641209,1
-5.618583046599194,81.77356390542452,-965.159999999989,2871.04000000001,3836.199999999999,61,-317.7957377049106,6,11.323011177810267,500.54485262064276,1
0.3985298717548142,10.785501361916388,-31.8399999999999,254.0,285.8399999999999,35,-25.21399999999996,7,5.398313541243458,106.91973533814918,1
6.39203315608334,49.91473507742364,-680.560000000001,425.92,1106.480000000001,29,-220.66965517241434,11,-0.6670229369735001,22.89340701232046,1
0.6122865186112155,10.908016316071809,-43.8099999999999,336.12,379.9299999999999,22,-26.886363636363612,3,9.960193159351894,284.37897925630773,1
0.04185799186741243,12.596956672592611,-69.17,514.16,583.3299999999999,25,-42.88559999999996,9,22.754663342291835,894.2980978240057,1
0.06206130747588209,18.729764283139428,-149.75,718.69,868.44,21,-69.02333333333323,4,17.10164700856544,680.4640780904608,1
13.18601501407241,82.29365066647631,-221.25,1149.46999999999,1370.71999999999,12,-178.776666666671,3,3.462693976236004,23.034636946351572,1
0.8047826086953612,18.316951809941806,-72.79,148.32,221.11,43,-45.09139534883747,4,0.9524611325503237,6.217010955584723,1
-0.1311761025963577,17.971496428628885,-158.84,138.099999999999,296.93999999999903,56,-61.766785714285966,6,-0.6588812459021328,10.964244766485304,1
0.4221989365030038,7.659378978997498,-19.25,135.1,154.35,19,-16.781052631578902,2,4.669596657359923,61.27468088771262,1
0.13903972474201728,10.421138252360253,-44.1199999999999,242.61,286.7299999999999,45,-27.627333333333254,9,4.487567663567012,96.03919591643226,1
2433.8076477948057,48625.733772135376,-90595.0,77623.62,168218.62,0,0.0,0,-0.02388721497653013,-1.3684849670030184,1
-6.147641538942821,84.03995099226906,-313.53,1283.35,1596.8799999999999,82,-203.5951219512196,10,0.7834635899644704,17.00753649973988,1
-72.14421958086132,668.6020669315128,-15860.5,1581.33999999997,17441.83999999997,10,-8583.223000000004,6,-13.063397951278017,262.1933110860461,1
-46.35588989677812,329.2852183414896,-1358.25,5179.89000000001,6538.14000000001,212,-799.1443396226412,16,0.5191643972963418,20.105792862186558,1
3.1415420706913197,21.25892501085899,-52.2299999999999,319.98,372.2099999999999,1,-52.2299999999999,1,6.264837839919626,50.48735568138623,1
2.226662496090021,11.615248373274671,-30.1500000000001,96.9099999999999,127.06,13,-24.029230769230843,4,1.6105218212253465,5.3443850654241665,1
0.8411604629341866,22.720875009822457,-28.0299999999997,1179.92,1207.9499999999998,0,0.0,0,43.81959082640548,2265.8908584210653,1
0.7385861745385978,8.16721617332013,-18.4400000000001,118.54,136.9800000000001,7,-17.411428571428598,2,4.152387238661921,37.560038107975316,1
-11.565852361602833,153.4793196371162,-1713.86000000002,2050.13999999998,3764.0,53,-605.9909433962387,6,-0.860829006002318,31.103237573694265,1
-0.09964341570223177,13.005448178557579,-212.97,171.64,384.61,26,-94.87884615384618,9,-6.440977739314138,105.74183331984449,1
-66.81848920861908,805.604983012683,-1997.87999999998,1806.44,3804.31999999998,45,-1769.5419999999888,9,-0.16126713442326243,-0.850952952319497,1
-0.9188364091329233,58.79118002041209,-790.360000000001,387.839999999997,1178.199999999998,49,-292.5802040816319,5,-3.71439512263134,44.75396968215626,1
0.7631936190178249,9.94601033483231,-35.13,263.14,298.27,17,-22.563529411764733,3,9.247524031460179,209.90657563502637,1
-16.291792305287093,162.50548434240818,-829.290000000001,851.779999999999,1681.07,104,-457.4968269230783,30,-0.3222059926408609,2.2061731956594874,1
10.421585861742992,135.41750366823817,-663.130000000005,1482.84000000003,2145.970000000035,27,-342.7803703703771,3,1.860712680806824,11.596184121707154,1
0.13049734125744358,7.190275979474171,-44.29,56.73,101.02,55,-20.02599999999997,5,0.13361151598864218,2.8464511217783075,1
0.4524022521113457,9.929504011096537,-41.0599999999999,164.17,205.2299999999999,30,-22.98933333333334,2,3.04073384579445,40.64551159276452,1
0.3786487331873717,9.906668584371733,-41.55,75.58,117.13,54,-26.129259259259257,6,0.49351953475068167,2.963431520403871,1
1.7857991867373864,13.152969915762995,-38.96,281.74,320.7,11,-28.960000000000193,2,4.476594167725146,69.44012824383624,1
1.4257241163588985,20.45062008866344,-69.7700000000004,412.849999999999,482.6199999999994,29,-44.97413793103467,9,4.225499327133248,63.87657848436399,1
2.9271223021582045,32.46606875255455,-233.67,288.9,522.5699999999999,52,-119.12942307692312,6,0.31999174083504384,11.64439799732899,1
52.5596590553644,139.1279205798379,-138.35,526.42,664.77,0,0.0,0,1.1399903120208879,0.37047778747102633,1
5.976618705038552,189.56493242914246,-2131.40000000002,2362.57000000001,4493.97000000003,33,-835.8142424242417,4,-1.4373847185662876,31.556922014928375,1
-9.046018142011341,185.96205832677802,-1844.78000000001,826.120000000003,2670.900000000013,84,-779.42916666667,18,-2.576758117456937,21.453632721267528,1
-39.41966531122576,302.0452514675698,-1519.84999999999,1247.38,2767.22999999999,119,-770.2563025210045,10,-0.4530053311700933,0.41257808525653994,1
5.473759774788876,24.156649996848163,-43.36,452.13,495.49,1,-43.36,1,6.291346326419129,71.02613446017065,1
4.097447607117507,76.31109606226813,-527.280000000028,718.579999999987,1245.8600000000151,40,-271.4757500000145,10,0.7317312092279162,10.312536334310773,1
1.6041007194244767,12.725534234908618,-48.06,104.41,152.47,25,-34.49,20,1.6060501077430902,6.7441512351249475,1
-95.35670003128023,1002.2458118419845,-4900.25,3154.75,8055.0,100,-2542.135,12,-0.47295471284985174,0.05128756325619621,1
0.5904629340006116,18.799711550130578,-49.5300000000002,713.26,762.7900000000002,10,-44.292999999999964,6,20.504279192174284,688.6309283352875,1
0.42390365968096777,9.343525774969295,-27.5,237.19,264.69,31,-21.503225806451606,4,5.79404879647252,132.0197947470048,1
-1.231223021581835,88.21240494162858,-680.82,480.650000000001,1161.4700000000012,90,-271.90111111111037,14,-0.2692649407031545,6.355300822785589,1
1.387550828902115,11.599888679087234,-24.3099999999999,138.29,162.59999999999988,2,-23.89499999999995,1,6.377443947566706,59.400351047057434,1
-2.9555520800768744,54.84257659021567,-372.869999999995,517.039999999994,889.909999999989,90,-190.22866666666894,16,-0.9834113450249555,9.936530836307501,1
7.492796371655145,152.4254749753398,-651.379999999888,2684.62000000011,3335.999999999998,39,-374.159999999946,3,3.005286459102212,38.412843369762996,1
-1.6476665624057496,67.17830261331258,-567.630000000005,446.789999999994,1014.4199999999989,89,-242.38348314607106,15,-1.3265459638633181,11.926154527495424,1
0.4493619017829716,8.23087913006641,-16.15,299.52,315.66999999999996,1,-16.15,1,16.069979034087574,551.2196658040331,1
1.9371004066311803,14.97199673640337,-25.5300000000001,606.21,631.7400000000001,0,0.0,0,21.760565929612845,837.423772763886,1
-13.703797309978727,185.79626582957852,-4980.55,1151.45,6132.0,26,-1685.328846153848,6,-13.5527722659325,249.04356659898386,1
-0.293450109477926,21.031229577240335,-121.150000000001,172.809999999999,293.96000000000004,80,-57.9131250000003,28,0.06603397593003964,3.8746703368880153,1
3.0742696277760095,43.54962736907005,-183.900000000001,470.900000000001,654.800000000002,46,-111.72717391304367,9,1.7789590752339024,15.77680458610186,1
-5.277528933349293,379.5110046624387,-2475.56999999995,1538.72000000003,4014.28999999998,44,-1047.5418181817874,10,-0.15839620201583227,2.1504152114379904,1
-12.132724429154262,455.15336335517543,-1512.53000000003,1787.27999999997,3299.81,89,-1063.7387640449442,11,-0.06727996553566935,-0.09324097592233427,1
3.157788551767299,13.926739472617005,-47.4000000000001,145.46,192.8600000000001,5,-31.716000000000058,2,1.749548895000363,8.761235458986146,1
0.6031091648420165,11.661133939678354,-21.85,333.57,355.42,0,0.0,0,14.325745537008698,328.4885209362381,1
2.721635908664366,23.447316987810527,-22.44,1213.65,1236.0900000000001,0,0.0,0,43.16000977020563,2222.2925734414407,1
-0.1756115107884846,65.17460009520154,-868.910000000003,493.529999999999,1362.440000000002,34,-413.6717647058788,6,-4.986578602067785,61.615075987527135,1
0.28250234594930973,8.5565382131848,-29.4300000000001,204.18,233.6100000000001,21,-21.148095238095287,4,8.359037414018347,188.8210950717539,1
3.9523209258680567,16.21668067892842,-61.1899999999999,436.34,497.52999999999986,2,-45.29999999999995,1,7.040105555080655,160.70137740268288,1
1.2678698780107263,14.271786705783319,-30.2099999999998,364.24,394.4499999999998,4,-28.73249999999985,1,10.15490891107259,221.36319200508814,1
45.9276634344669,242.83816165704684,-608.170000000006,706.879999999997,1315.050000000003,23,-512.7843478260902,6,0.22781543004349203,-0.7433792163696684,1
1.4326024397872732,40.67078977815051,-22.6,1535.76,1558.36,0,0.0,0,31.93770899079576,1074.3258870773946,1
-2.6774038160821414,170.1516907645037,-4951.79000000001,670.919999999998,5622.710000000008,19,-1399.2026315789526,5,-19.77800446507891,514.5972358002002,1
0.8059461995621243,9.591017815040072,-23.5699999999999,228.28,251.8499999999999,11,-20.76818181818179,2,7.445093371158269,144.62355598164868,1
13.921673443857653,118.58956299394065,-705.75,1416.22,2121.9700000000003,25,-280.45639999999605,3,2.817836084898976,21.423638731701505,1
3.3885111041598535,54.10951533366668,-198.120000000001,582.699999999999,780.82,28,-127.49357142857176,4,2.7930609395602635,25.434615777026696,1
0.4429809196121175,8.508566528890267,-24.16,148.75,172.91,31,-19.2309677419355,3,3.9323632358245226,55.44673648053468,1
3.2320832030027664,29.122525408738692,-209.03,314.080000000001,523.110000000001,44,-91.2161363636364,6,1.5950841885135065,12.457521946475724,1
1.821370034407223,18.6878375673364,-76.0,106.93,182.93,43,-47.913720930232586,14,0.4785790000617581,1.963107747864255,1
1.9405380043830227,88.79074136651982,-1740.94,1090.61,2831.55,46,-342.29891304347467,11,-5.4260805341947735,154.13072171502552,1
2.443640913352619,124.75044184822032,-577.890000000014,731.309999999998,1309.200000000012,64,-308.5068750000032,7,0.1889217897424804,1.1559492144464292,1
0.4330372223960088,6.87284307356479,-21.3,131.19,152.49,23,-14.963043478260872,2,2.9841233029967764,44.797747267109926,1
-0.020541132311469,15.267747739587362,-79.74,437.45,517.1899999999999,52,-45.96192307692301,11,9.238008467936774,240.99925529109439,1
0.7393900531748414,10.84537376469357,-39.89,122.6,162.49,29,-26.022413793103464,7,1.4464121289615939,9.89767254895853,1
-7.841010322204889,264.7158176534463,-900.440000000002,1274.96999999997,2175.409999999972,89,-644.9408988764312,10,-0.06012536731596901,0.4870594729736526,1
3.1794682514927337,59.31316760490978,-434.739999999991,514.680000000008,949.419999999999,53,-191.27150943395435,9,0.7001749588606184,10.913584766717634,1
-1.933803565843004,19.62572610857769,-73.3299999999999,133.0,206.3299999999999,131,-50.20083969465651,14,-0.1483654820565179,1.9068042487448364,1
3.477072255239287,18.996718225676066,-54.2600000000002,270.36,324.62000000000023,24,-40.187083333333334,6,1.4942923229363856,12.751775324629596,1
-3.8387238035783517,222.16019872555253,-959.970000000001,1135.10999999999,2095.079999999991,63,-519.0101587301723,5,0.1380064039681485,0.42876858101847404,1
0.8914232092586456,14.74314666787387,-35.29,444.34,479.63,2,-32.035000000000096,1,12.111354605856775,303.88424278170976,1
-6.385586487338808,122.46844919045311,-3930.12000000001,898.709999999992,4828.830000000002,13,-1328.5292307692378,4,-19.621482617784967,508.7710671287434,1
0.5729089771658953,10.969750273617631,-31.5800000000004,365.33,396.91000000000037,14,-26.42714285714312,2,12.281565154564076,385.62933213359804,1
1.4837879261808673,42.106593043583395,-27.1199999999999,1853.26,1880.3799999999999,0,0.0,0,35.0882042190595,1383.2225346054151,1
1.9334469815442334,83.78680989898062,-269.670000000013,1373.81,1643.480000000013,53,-192.14471698113073,6,2.8044874263969755,31.91016628117191,1
1.4970003127932383,64.0063577213703,-20.36,3607.23,3627.59,0,0.0,0,55.92210580926132,3147.210690312967,1
-1.1433562715046406,24.037983064416913,-129.62,259.809999999999,389.429999999999,39,-64.9266666666667,8,2.0413019408228354,23.275668502726568,1
0.9546668751955315,11.006689414934396,-21.6399999999999,207.66,229.2999999999999,2,-21.434999999999953,1,7.458192385253532,108.48038013130497,1
2.901319987488266,34.56534827021844,-90.3299999999999,688.07,778.4,15,-75.68066666666672,11,8.49076921150649,115.65675255247487,1
1.539008445417323,53.12242080837431,-79.8699999999999,2375.24,2455.1099999999997,0,0.0,0,37.38090736248827,1538.75978317149,1
5.661786049446712,156.7870005103355,-530.969999999972,776.0,1306.969999999972,65,-367.9406153845923,9,0.35156267091548987,1.0654822768409522,1
7.892934000621227,182.0207733712135,-2267.04000000001,569.679999999993,2836.720000000003,11,-1277.1354545454576,3,-1.9007629942074467,25.600344532419314,1
-1.5894275883641813,15.20576939150945,-67.6400000000001,438.94,506.5800000000001,84,-41.11154761904772,15,7.0923679452177835,220.22485615436727,1
1.4896434157022957,16.722216172792056,-65.5599999999999,223.0,288.5599999999999,37,-41.461351351351254,6,3.2997595374594306,30.122371299623516,1
-12.67775101657574,196.36589592277602,-4330.66999999998,1421.78,5752.44999999998,24,-1756.007499999998,4,-15.319535619526732,286.8645368041671,1
17.29979668441947,805.9212169980907,-5640.43999999994,22055.25,27695.68999999994,53,-3042.6386792452568,5,11.78775523486493,354.5209870075662,1
